2,2,Chadwick,Gutkowski,$$$$$,quintin_swift,Baby & Garden,National Retail Associate
3,2,Sal,Lynch,star@grahamgusikowski.co,shirley_nienow,"Automotive, Tools & Health",Investor Advertising Agent
4,2,Shanice,Auer,dylan@lubowitz.co,caitlin.littel,Health,Senior Facilitator
5,2,Lucretia,Dicki,loydgaylord@bergstrom.net,johnny_gislason,Computers & Grocery,Marketing Liaison
6,6,Denver,Ullrich,houstonbogan@yundtmetz.com,hellen_schimmel,"Automotive, Tools & Health",Mining Executive
7,6,Juan,Runte,joey@bogisichstanton.co,elden,Toys & Baby,District Engineer
8,6,Sanford,Mohr,morriscorkery@bogan.io,erna,Toys & Industrial,Dynamic Agent
9,5,Chassidy,Casper,bettinaquigley@bahringerrempel.co,shonta_jakubowski,Computers & Grocery,District IT Planner
10,2,Shelia,Strosin,owenboehm@parker.biz,quinton.metz,"Toys, Computers & Baby",Senior Associate
11,5,Andre,Langworth,georgiana@rutherford.info,raymundo_ohara,Kids,Legal Representative
12,4,Lamont,Murazik,shemika@wittingleannon.net,dominique_marquardt,"Garden, Automotive & Electronics",Dynamic Agent
13,6,Zola,Deckow,carmencollins@rutherford.name,hershel,Home,National Retail Associate
14,6,Giovanni,Marquardt,breanaswift@schulist.net,tristan_feest,Home & Computers,Central Officer
15,5,Huong,Hyatt,aida@considineupton.biz,dalton,Toys & Industrial,Forward Legal Designer
16,5,Wilburn,Aufderhar,tommyhamill@pacochakirlin.io,kala_cartwright,"Computers, Home & Books",District Consulting Designer
17,5,Julieann,Sanford,kenna@osinskistroman.com,roberto,"Kids, Baby & Books",Legacy Real-Estate Liaison
18,3,Sherie,Abernathy,fritz@moriette.com,irma_abshire,"Kids, Computers & Games",Human Design Analyst
19,4,Junie,Sanford,julia@wisozkcummings.io,darrick,"Toys, Grocery & Outdoors",Lead Design Assistant
20,6,Ashlee,Donnelly,terisaschaefer@barrowatterfield.co,laverne,"Toys, Grocery & Outdoors",Education Designer
21,6,Sydney,Dickens,delsie@walker.name,gail,Home & Kids,IT Developer
22,5,Derrick,Hermiston,karma@nader.net,francisco.gleason,Outdoors & Health,Lead Manufacturing Architect
23,4,Cyrus,Treutel,willena@feil.info,leo.hills,Health & Clothing,Marketing Supervisor
24,6,Qiana,Bogisich,barryrath@brekke.name,dorsey,Baby & Toys,Chief IT Supervisor
25,3,Porsha,Erdman,andrew@bashirianbalistreri.name,javier,"Toys, Computers & Baby",Senior Associate
26,2,Molly,Mertz,rogelio@altenwerth.co,alexia.corkery,Baby & Toys,Legacy Director
27,6,Reynalda,Murray,bo@kuvalistremblay.net,oren_runolfon,Computers & Grocery,Central Design Associate
28,6,Chin,Klein,mickeylebsack@zboncakwunsch.name,diedre,Books & Electronics,Investor Advertising Agent
29,4,Norris,Feil,dominique@bayerhalvorson.net,opal_beatty,"Games, Outdoors & Home",International Producer
30,5,Billie,Runolfsdottir,jonathonhackett@bins.co,shawn,Garden,Marketing Liaison
31,4,Cedrick,Friesen,reuben@deckowwatsica.name,jonathon.davis,Shoes & Beauty,Regional Design Planner
32,5,Hope,Blanda,rudywisoky@murazikjohnston.io,cori,"Sports, Industrial & Beauty",National Retail Associate
33,3,Lacy,Kautzer,edwinbergnaum@homenick.biz,jules,"Toys, Computers & Baby",Dynamic Engineer
34,5,Salley,Roberts,vincent@reinger.co,janiece,Toys & Industrial,Marketing Supervisor
35,4,Genaro,Nikolaus,annice@schinner.name,joye.hudson,Garden,Legal Representative
36,2,Ruby,Bayer,antoinechristiansen@schiller.org,kenyetta.heller,Kids & Automotive,Legal Agent
37,6,Aron,Schowalter,leoschuster@kubtorphy.com,colin.franecki,Industrial & Baby,Banking Specialist
38,4,Darline,Boehm,susann@langworth.com,willis,"Toys, Grocery & Outdoors",Dynamic Engineer
39,3,Alvin,Kub,angiehirthe@aufderharcummerata.co,debrah,Garden,Legacy Director
40,3,Kizzie,Schuppe,lasonyagerhold@townehills.com,charley,Garden & Toys,District Consulting Designer
41,6,Luna,Boyer,ollie@stiedemannwelch.biz,daria,Home & Computers,Regional Design Planner
42,6,Vinnie,Jacobson,valentin@conroy.name,avril.bernier,Outdoors & Health,Marketing Liaison
43,2,Barry,Robel,floydkilback@collins.net,vicente,"Music, Toys & Clothing",Real-Estate Agent
44,5,Brice,Roob,lewisolson@damore.net,clemente,Computers & Games,Dynamic Agent
45,4,Ian,Schiller,parker@jonesbeier.org,sharyl_yundt,"Computers, Home & Books",Lead Manufacturing Architect
46,3,Carolann,Rutherford,viviennesauer@mosciskibosco.org,ezra_lehner,"Garden, Health & Computers",Global Administration Technician
47,3,Jerald,Leannon,bertramlesch@predovicjaskolski.info,saul.lakin,"Books, Toys & Music",Retail Producer
48,3,Jefferson,Jenkins,dickcummerata@cormier.com,donnie,"Kids, Baby & Books",Central Design Associate
49,4,Anja,Kautzer,jeanelle@oconner.info,sidney,Health & Clothing,Legacy Director
50,4,Arthur,West,shanaconsidine@abshire.co,rhett.ledner,Clothing,Forward Mining Officer
